synthetic_id,Pre_PainScore,D-dimer,AFP,Albumin,nrs_24h,event
S0001,0.0,,1.41,30.1,1,0
S0002,2.0,46.0,1.0,40.6,4,1
S0003,0.0,504.0,1.0,47.7,3,0
S0004,2.0,336.0,501.32,50.8,2,0
S0005,0.0,518.0,1.0,42.6,1,0
S0006,0.0,164.0,233.49,44.8,1,0
S0007,1.0,496.0,176.94,35.9,4,1
S0008,0.0,82.0,9.66,36.6,0,0
S0009,0.0,,1.43,46.5,2,0
S0010,0.0,142.0,7.01,39.5,0,0
S0011,0.0,429.0,1.0,38.7,2,0
S0012,0.0,588.0,9.37,31.0,1,0
S0013,0.0,112.0,5.23,40.4,4,1
S0014,0.0,215.0,17.3,43.4,6,1
S0015,0.0,235.0,44.55,34.7,4,1
S0016,0.0,700.0,261.09,36.5,0,0
S0017,0.0,444.0,2.16,49.0,3,0
S0018,0.0,71.0,54.97,40.6,3,0
S0019,0.0,349.0,1.0,37.8,1,0
S0020,0.0,459.0,1.0,32.7,1,0
S0021,0.0,1700.0,1.29,35.8,2,0
S0022,0.0,46.0,,38.0,3,0
S0023,0.0,136.0,47.66,47.7,1,0
S0024,3.0,802.0,41.9,35.8,5,1
S0025,2.0,62.0,92.21,50.3,4,1
S0026,0.0,72.0,4.91,33.9,0,0
S0027,0.0,369.0,9.67,37.4,2,0
S0028,0.0,595.0,1.41,44.6,2,0
S0029,0.0,120.0,1.0,38.1,0,0
S0030,2.0,378.0,14.28,34.5,5,1
S0031,0.0,253.0,9.54,38.7,1,0
S0032,0.0,957.0,1.0,42.2,3,0
S0033,0.0,226.0,19.52,29.2,3,0
S0034,0.0,579.0,1.0,38.0,3,0
S0035,0.0,96.0,3.47,38.8,1,0
S0036,2.0,190.0,1.25,37.1,2,0
S0037,0.0,206.0,,43.9,3,0
S0038,0.0,667.0,1.0,36.1,2,0
S0039,0.0,392.0,44.76,37.3,0,0
S0040,0.0,111.0,18.68,39.7,1,0
S0041,0.0,432.0,75.43,43.9,2,0
S0042,1.0,470.0,6.98,38.2,4,1
S0043,0.0,203.0,1.0,48.6,1,0
S0044,0.0,177.0,2.21,34.1,2,0
S0045,1.0,188.0,1.0,47.2,5,1
S0046,0.0,45.0,14.27,34.4,2,0
S0047,0.0,270.0,78.08,38.5,1,0
S0048,0.0,282.0,10.62,41.7,1,0
S0049,0.0,99.0,1.3,51.8,0,0
S0050,1.0,458.0,2.19,44.9,1,0
S0051,0.0,61.0,8.0,37.1,2,0
S0052,0.0,134.0,1.0,47.3,3,0
S0053,0.0,144.0,7.05,38.2,1,0
S0054,1.0,1493.0,7.87,34.8,2,0
S0055,0.0,49.0,1.47,42.2,5,1
S0056,0.0,386.0,1.95,40.1,1,0
S0057,1.0,,7.36,45.2,2,0
S0058,1.0,,1.0,36.2,3,0
S0059,1.0,695.0,1.0,41.8,1,0
S0060,0.0,87.0,28.97,43.3,2,0
S0061,0.0,,8.23,41.2,3,0
S0062,0.0,468.0,220.8,39.3,1,0
S0063,0.0,73.0,,35.3,0,0
S0064,0.0,166.0,1.0,44.9,2,0
S0065,1.0,,41.48,40.3,2,0
S0066,0.0,614.0,42.94,42.5,3,0
S0067,0.0,514.0,1.0,37.4,2,0
S0068,0.0,,,39.6,3,0
S0069,1.0,533.0,4.42,33.3,2,0
S0070,2.0,254.0,1.0,40.0,4,1
S0071,0.0,,2.26,44.1,3,0
S0072,0.0,239.0,1.0,40.1,1,0
S0073,1.0,,2.84,44.7,1,0
S0074,0.0,405.0,1.0,41.4,2,0
S0075,0.0,303.0,2.83,47.7,0,0
S0076,0.0,162.0,148.96,38.4,2,0
S0077,0.0,588.0,2.64,29.7,1,0
S0078,2.0,126.0,27.39,42.1,5,1
S0079,1.0,297.0,1.13,38.5,5,1
S0080,1.0,338.0,1.0,33.7,0,0
S0081,0.0,921.0,1.0,43.4,4,1
S0082,0.0,140.0,50.09,41.1,1,0
S0083,0.0,1184.0,4.18,42.2,2,0
S0084,0.0,267.0,185.81,37.5,2,0
S0085,1.0,188.0,1.0,40.7,2,0
S0086,0.0,119.0,2.86,41.0,3,0
S0087,1.0,394.0,5.64,50.1,0,0
S0088,0.0,237.0,114.52,35.4,3,0
S0089,0.0,79.0,,39.4,0,0
S0090,0.0,77.0,1.08,41.7,0,0
S0091,0.0,133.0,1.0,29.2,3,0
S0092,0.0,119.0,1.0,29.9,1,0
S0093,0.0,637.0,95.7,52.5,2,0
S0094,0.0,835.0,3.82,28.9,1,0
S0095,0.0,516.0,1.08,42.9,1,0
S0096,0.0,318.0,4.13,34.4,2,0
S0097,0.0,150.0,1.0,34.9,3,0
S0098,0.0,238.0,1.0,27.6,5,1
S0099,0.0,524.0,38.32,34.1,5,1
S0100,0.0,1711.0,11.32,44.2,3,0
S0101,0.0,,6.49,31.2,2,0
S0102,0.0,173.0,,43.1,1,0
S0103,1.0,234.0,17.44,41.4,2,0
S0104,0.0,,257.03,51.6,3,0
S0105,1.0,107.0,1.0,36.7,2,0
S0106,0.0,190.0,4.77,47.1,3,0
S0107,0.0,272.0,1.73,44.8,1,0
S0108,0.0,1293.0,10.42,37.8,4,1
S0109,3.0,237.0,4.76,29.5,4,1
S0110,0.0,821.0,3.3,48.6,0,0
S0111,0.0,1212.0,1.0,31.3,5,1
S0112,0.0,244.0,4.44,36.7,3,0
S0113,0.0,1041.0,1.15,44.8,4,1
S0114,0.0,446.0,3.31,46.2,3,0
S0115,0.0,152.0,3.99,34.4,3,0
S0116,0.0,291.0,20.19,39.3,1,0
S0117,0.0,231.0,1.23,37.9,3,0
S0118,0.0,181.0,2.22,46.6,1,0
S0119,0.0,187.0,51.9,54.5,2,0
S0120,0.0,259.0,2.81,28.5,2,0
S0121,0.0,341.0,2.55,45.0,4,1
S0122,1.0,98.0,32.46,24.0,1,0
S0123,0.0,224.0,8.52,39.6,1,0
S0124,0.0,53.0,5.66,32.8,0,0
S0125,0.0,,7.57,51.5,4,1
S0126,0.0,409.0,1.0,40.5,1,0
S0127,0.0,264.0,13.08,35.1,1,0
S0128,0.0,297.0,92.52,36.5,3,0
S0129,0.0,396.0,17.22,36.0,1,0
S0130,0.0,120.0,1.0,40.6,1,0
S0131,0.0,180.0,8.85,38.6,3,0
S0132,0.0,367.0,1.0,43.4,1,0
S0133,3.0,585.0,2.8,48.7,6,1
S0134,0.0,329.0,6.29,43.7,2,0
S0135,0.0,2555.0,1.0,32.1,4,1
S0136,0.0,207.0,96.43,29.8,1,0
S0137,0.0,584.0,4.04,35.0,6,1
S0138,2.0,753.0,28.35,45.8,5,1
S0139,0.0,199.0,19.88,37.5,2,0
S0140,0.0,104.0,98.91,35.5,0,0
S0141,0.0,73.0,70.22,40.3,0,0
S0142,0.0,264.0,1.0,31.0,2,0
S0143,0.0,649.0,,32.7,3,0
S0144,0.0,293.0,1.0,42.6,3,0
S0145,0.0,266.0,1.74,37.7,0,0
S0146,0.0,158.0,,36.8,1,0
S0147,0.0,385.0,37.85,41.4,3,0
S0148,0.0,,,36.0,3,0
S0149,0.0,282.0,2.05,35.4,3,0
S0150,0.0,,9.92,36.7,1,0
S0151,2.0,,6.0,43.1,2,0
S0152,0.0,1785.0,84.5,39.9,5,1
S0153,0.0,60.0,174.8,32.3,3,0
S0154,1.0,81.0,2.15,37.7,5,1
S0155,0.0,72.0,25018.07,43.4,2,0
S0156,0.0,649.0,4.79,50.7,1,0
S0157,0.0,97.0,2.11,32.6,2,0
S0158,0.0,427.0,18.76,41.5,0,0
S0159,0.0,395.0,26.9,37.9,3,0
S0160,1.0,,16.68,44.5,2,0
S0161,0.0,65.0,1.12,42.2,1,0
S0162,3.0,126.0,135.86,48.3,4,1
S0163,0.0,1108.0,5.51,42.6,2,0
S0164,0.0,66.0,157.96,36.2,2,0
S0165,0.0,103.0,114.1,36.3,3,0
S0166,0.0,194.0,1.0,41.9,3,0
S0167,0.0,487.0,1.0,41.9,2,0
S0168,2.0,287.0,1.0,53.9,1,0
S0169,0.0,457.0,8.69,49.6,0,0
S0170,3.0,82.0,5.59,32.5,6,1
S0171,0.0,,9.1,41.6,2,0
S0172,0.0,388.0,1.0,31.5,1,0
S0173,0.0,,13.05,29.6,2,0
S0174,0.0,976.0,,44.0,1,0
S0175,0.0,1995.0,1.0,42.8,3,0
S0176,0.0,109.0,3.21,33.3,0,0
S0177,0.0,238.0,8.76,49.4,5,1
S0178,0.0,852.0,3.73,33.6,1,0
S0179,3.0,55.0,3.21,32.5,2,0
S0180,0.0,34.0,272.81,43.4,1,0
S0181,0.0,66.0,91.12,40.8,2,0
S0182,0.0,132.0,34.2,38.5,2,0
S0183,0.0,130.0,1.0,39.1,4,1
S0184,2.0,402.0,795.15,40.8,4,1
S0185,0.0,292.0,11.36,38.7,2,0
S0186,0.0,69.0,1.36,38.5,0,0
S0187,3.0,387.0,2.35,28.1,6,1
S0188,0.0,1341.0,1.66,31.4,2,0
S0189,1.0,705.0,607.55,43.2,5,1
S0190,0.0,579.0,8.01,35.3,2,0
S0191,1.0,230.0,5.81,42.8,1,0
S0192,0.0,575.0,1.0,46.9,3,0
S0193,0.0,90.0,26.69,37.4,2,0
S0194,0.0,461.0,1.0,41.2,2,0
S0195,0.0,208.0,1.0,52.0,3,0
S0196,0.0,662.0,,43.7,5,1
S0197,0.0,352.0,1.0,50.6,0,0
S0198,0.0,80.0,33.39,48.7,2,0
S0199,0.0,255.0,63.74,44.0,0,0
S0200,0.0,719.0,1.0,38.8,0,0
S0201,0.0,77.0,3.71,34.4,3,0
S0202,0.0,133.0,1.0,32.8,0,0
S0203,0.0,109.0,4.39,42.4,3,0
S0204,0.0,55.0,39.68,42.3,3,0
S0205,1.0,,1.0,38.5,1,0
S0206,0.0,785.0,296.53,44.6,2,0
S0207,0.0,483.0,2.5,35.9,4,1
S0208,0.0,285.0,1.0,46.2,3,0
S0209,0.0,215.0,3.8,39.7,3,0
S0210,0.0,284.0,30.09,39.3,1,0
S0211,0.0,113.0,1.0,39.5,0,0
S0212,2.0,528.0,5.04,38.9,5,1
S0213,0.0,610.0,1.0,54.4,3,0
S0214,0.0,548.0,76.14,29.8,1,0
S0215,0.0,136.0,7.1,40.6,3,0
S0216,0.0,,,47.0,3,0
S0217,0.0,,51.84,43.8,1,0
S0218,0.0,1236.0,1.0,37.7,1,0
S0219,0.0,268.0,2.05,49.9,1,0
S0220,0.0,38.0,323.39,33.1,1,0
S0221,0.0,330.0,3.76,31.7,7,1
S0222,2.0,1351.0,106.86,42.9,4,1
S0223,0.0,433.0,7.74,30.8,1,0
S0224,0.0,521.0,1.02,25.2,2,0
S0225,0.0,234.0,2.85,44.8,2,0
S0226,0.0,35.0,5.91,44.1,3,0
S0227,0.0,40.0,1.97,43.9,1,0
S0228,0.0,69.0,1.0,36.6,3,0
S0229,0.0,200.0,1.0,40.6,1,0
S0230,0.0,303.0,1.0,33.7,1,0
S0231,0.0,435.0,6.36,49.9,3,0
S0232,0.0,164.0,,44.2,2,0
S0233,0.0,561.0,26.91,44.0,2,0
S0234,2.0,173.0,1.0,27.8,4,1
S0235,2.0,116.0,30.58,44.3,4,1
S0236,0.0,508.0,4.76,48.5,2,0
S0237,0.0,95.0,1.0,46.8,1,0
S0238,1.0,17.0,6.17,44.2,1,0
S0239,2.0,83.0,31.18,39.5,2,0
S0240,0.0,247.0,16.11,37.4,1,0
S0241,0.0,14.0,,43.1,1,0
S0242,0.0,,41.9,41.8,2,0
S0243,0.0,165.0,37.48,40.9,2,0
S0244,0.0,58.0,4.57,37.6,3,0
S0245,0.0,55.0,1.0,49.6,2,0
S0246,0.0,,1.0,32.5,4,1
S0247,0.0,134.0,11.08,39.4,1,0
S0248,0.0,748.0,1.71,36.0,1,0
S0249,0.0,323.0,23.34,45.7,3,0
S0250,0.0,50.0,30.09,48.1,4,1
S0251,0.0,100.0,5.53,47.0,0,0
S0252,0.0,442.0,347.38,44.0,6,1
S0253,0.0,1369.0,1.0,31.1,3,0
S0254,0.0,326.0,40.76,52.0,3,0
S0255,0.0,304.0,1.71,42.6,1,0
S0256,0.0,1324.0,1.0,38.8,4,1
S0257,0.0,221.0,18.81,39.6,7,1
S0258,0.0,168.0,1.24,37.5,2,0
S0259,0.0,59.0,34.66,42.0,3,0
S0260,0.0,139.0,1.0,41.4,5,1
S0261,0.0,1791.0,5.39,37.3,3,0
S0262,1.0,59.0,1.0,24.1,3,0
S0263,0.0,228.0,2.93,39.3,1,0
S0264,0.0,,2.15,42.4,3,0
S0265,1.0,255.0,1.0,42.7,2,0
S0266,0.0,525.0,21.9,38.6,4,1
S0267,0.0,179.0,1.0,42.2,1,0
S0268,2.0,452.0,1.0,45.7,4,1
S0269,0.0,448.0,37.38,36.7,0,0
S0270,0.0,346.0,44.99,48.3,3,0
S0271,0.0,1154.0,22.57,27.8,2,0
S0272,0.0,,10.77,31.9,3,0
S0273,0.0,169.0,859.95,34.1,2,0
S0274,1.0,118.0,1.0,24.8,4,1
S0275,0.0,101.0,1.0,33.5,4,1
S0276,0.0,355.0,1.0,47.0,3,0
S0277,2.0,166.0,38.12,46.9,6,1
S0278,0.0,3021.0,,40.1,1,0
S0279,0.0,1301.0,61.62,49.8,4,1
S0280,0.0,,45.09,40.9,2,0
S0281,0.0,165.0,3.01,36.5,3,0
S0282,0.0,1126.0,1.0,40.9,2,0
S0283,0.0,38.0,1.0,38.7,0,0
S0284,0.0,147.0,743.14,43.9,0,0
S0285,0.0,558.0,44.69,30.5,4,1
S0286,1.0,95.0,19.18,45.5,1,0
S0287,0.0,144.0,2.33,36.7,1,0
S0288,2.0,162.0,3.21,44.6,4,1
S0289,0.0,423.0,2.31,30.3,4,1
S0290,0.0,258.0,2.42,37.0,1,0
S0291,0.0,331.0,1.0,40.0,1,0
S0292,0.0,398.0,4.38,44.9,2,0
S0293,0.0,233.0,,32.2,2,0
S0294,2.0,649.0,9.68,49.5,4,1
S0295,0.0,113.0,8.08,42.4,1,0
S0296,2.0,58.0,,36.3,5,1
S0297,0.0,42.0,4.89,46.8,2,0
S0298,0.0,48.0,30.48,40.1,4,1
S0299,0.0,134.0,1.0,46.4,3,0
S0300,0.0,601.0,1.0,53.4,1,0
S0301,0.0,267.0,,44.1,3,0
S0302,0.0,128.0,1.0,36.3,0,0
S0303,0.0,82.0,2.68,36.9,1,0
S0304,0.0,137.0,24.88,43.0,2,0
S0305,0.0,154.0,1.0,41.2,1,0
S0306,0.0,132.0,,34.5,4,1
S0307,2.0,58.0,1.0,35.5,5,1
S0308,0.0,144.0,1.0,43.5,1,0
S0309,1.0,594.0,1.0,53.6,4,1
S0310,0.0,29.0,1.0,24.0,4,1
S0311,0.0,180.0,4.84,43.8,3,0
S0312,0.0,30.0,2.46,38.2,0,0
S0313,0.0,269.0,10.58,44.2,1,0
S0314,0.0,111.0,1.0,44.7,3,0
S0315,0.0,31.0,1577.58,39.8,2,0
S0316,2.0,249.0,4.06,33.4,6,1
S0317,0.0,1270.0,4.54,31.1,5,1
S0318,0.0,251.0,14.11,28.3,2,0
S0319,0.0,681.0,2.91,46.8,1,0
S0320,0.0,211.0,1.21,38.2,0,0
S0321,0.0,29.0,6.12,36.3,2,0
S0322,0.0,360.0,40.18,37.8,2,0
S0323,3.0,152.0,22.68,31.5,5,1
S0324,0.0,56.0,42.36,41.3,3,0
S0325,0.0,476.0,1.41,47.4,2,0
S0326,0.0,297.0,1.0,46.3,1,0
S0327,0.0,,468.11,30.1,4,1
S0328,0.0,516.0,2.94,47.7,3,0
S0329,0.0,99.0,14.9,34.9,4,1
S0330,0.0,416.0,26.82,28.0,1,0
S0331,0.0,92.0,125.45,32.1,3,0
S0332,0.0,375.0,1.0,33.7,2,0
S0333,1.0,79.0,1.71,39.5,2,0
S0334,0.0,930.0,1.9,33.3,4,1
S0335,0.0,288.0,2.56,30.4,3,0
S0336,1.0,882.0,1.0,37.9,6,1
S0337,0.0,103.0,4.08,51.0,4,1
S0338,0.0,144.0,1.0,35.3,4,1
S0339,1.0,,9.95,42.3,1,0
S0340,1.0,17.0,17.1,40.0,1,0
S0341,0.0,82.0,19.61,55.0,2,0
S0342,0.0,603.0,1.0,28.1,2,0
S0343,0.0,352.0,44.01,46.1,3,0
S0344,0.0,573.0,1.0,31.8,0,0
S0345,0.0,168.0,1.0,35.9,0,0
S0346,0.0,386.0,1.0,38.9,3,0
S0347,0.0,113.0,1.0,55.0,2,0
S0348,0.0,61.0,7.52,34.9,0,0
S0349,0.0,45.0,32.88,28.2,2,0
S0350,0.0,,1.0,47.3,2,0
S0351,0.0,134.0,1.5,34.5,5,1
S0352,2.0,124.0,39.21,38.0,4,1
S0353,0.0,14.0,8.1,39.4,2,0
S0354,0.0,34.0,16.16,40.1,2,0
S0355,0.0,136.0,1.0,38.5,1,0
S0356,0.0,297.0,44.38,41.1,1,0
