section,variable,summary,missing_n_pct
Demographic characteristics,"Age, years",64.5 (58.0-71.0) [38.0-89.0],0 (0.0%)
Demographic characteristics,Female sex,34 (9.6%),0 (0.0%)
Clinical characteristics,Child-Pugh grade A,347 (97.5%),0 (0.0%)
Clinical characteristics,Hypertension,177 (49.7%),0 (0.0%)
Clinical characteristics,Diabetes,95 (26.7%),0 (0.0%)
Clinical characteristics,Previous surgery,353 (99.2%),0 (0.0%)
Clinical characteristics,Good mental status,349 (98.0%),0 (0.0%)
Treatment-related factors,"Epirubicin dose, recorded units",30.0 (30.0-30.0) [1.0-50.0],23 (6.5%)
Laboratory markers,"D-dimer, ng/mL (FEU/DDU not specified)",226.0 (127.0-461.0) [14.0-4944.0],27 (7.6%)
Laboratory markers,Fibrinogen (Clauss),3.2 (2.7-3.7) [1.4-7.7],4 (1.1%)
Laboratory markers,Thrombin time,15.1 (14.4-15.9) [12.5-20.8],4 (1.1%)
Laboratory markers,International normalized ratio,1.0 (1.0-1.1) [0.9-1.7],4 (1.1%)
Laboratory markers,Activated partial thromboplastin time,32.6 (30.5-34.8) [25.1-54.8],4 (1.1%)
Laboratory markers,"Total protein, g/L",71.5 (65.7-75.3) [47.6-88.4],1 (0.3%)
Laboratory markers,"Albumin, g/L",40.0 (35.1-43.2) [24.1-337.3],1 (0.3%)
Laboratory markers,ALT,27.0 (19.0-42.0) [7.0-1703.0],1 (0.3%)
Laboratory markers,AST,30.0 (23.0-46.0) [13.0-2729.0],1 (0.3%)
Laboratory markers,ALP,105.0 (80.0-154.0) [22.0-1000.0],1 (0.3%)
Laboratory markers,GGT,64.0 (36.0-123.8) [13.0-1093.0],2 (0.6%)
Laboratory markers,Total bilirubin,13.5 (9.8-19.2) [4.1-89.4],1 (0.3%)
Laboratory markers,Total bile acid,8.4 (4.4-17.7) [0.2-340.9],7 (2.0%)
Laboratory markers,"AFP, ng/mL",5.2 (3.0-62.9) [1.1-53297.0],21 (5.9%)
Laboratory markers,PIVKA-II,46.8 (22.0-600.6) [5.4-30000.0],27 (7.6%)
Laboratory markers,White blood cell count,5.1 (4.2-6.3) [2.0-20.8],1 (0.3%)
Laboratory markers,Neutrophil count,3.1 (2.2-4.0) [0.6-19.0],1 (0.3%)
Pain-related characteristics,Preprocedural NRS (0-10),0.0 (0.0-0.0) [0.0-3.0],0 (0.0%)
Pain-related characteristics,Postprocedural NRS at 24 h (0-10),2.0 (1.0-3.0) [0.0-7.0],0 (0.0%)
