feature,outer_fits,outer_selection_frequency,median_selected_coefficient,direction_consistency_when_selected
Pre_PainScore,25,1.0,0.6407947986602098,1.0
D-dimer,25,1.0,0.3565207291825061,1.0
Albumin,25,1.0,-0.1531839120501444,1.0
AFP,25,1.0,0.1652360720517805,1.0
Hypertension,25,0.92,-0.2076403092485518,1.0
PIVKA_II,25,0.6,0.0221496445987495,0.8
TotalBileAcid,25,0.44,0.0122167783148988,0.6363636363636364
EmbolicAgent_Epirubicin,25,0.36,0.0122605272338593,0.5555555555555556
APTT,25,0.2,-0.0449530026817075,0.8
Age,25,0.12,-0.0482313778716872,1.0
TotalProtein,25,0.12,-0.029052317461522,1.0
Gender,25,0.08,-0.083032443890504,1.0
ThrombinTime,25,0.08,0.0170366130756225,1.0
INR,25,0.08,-0.0310669644732393,0.5
Fibrinogen_CLAUSS,25,0.04,0.000462303522686,1.0
TotalBilirubin,25,0.04,-0.0064121241682212,1.0
LiverFunctionGrade,25,0.0,0.0,
Diabetes,25,0.0,0.0,
ALT,25,0.0,0.0,
AST,25,0.0,0.0,
ALP,25,0.0,0.0,
GGT,25,0.0,0.0,
WBC,25,0.0,0.0,
NeutrophilCount,25,0.0,0.0,
