model,n_predictors,patients,events,auc,auc_ci_low,auc_ci_high,pr_auc,pr_auc_ci_low,pr_auc_ci_high,brier,brier_ci_low,brier_ci_high,calibration_intercept,calibration_intercept_ci_low,calibration_intercept_ci_high,calibration_slope,calibration_slope_ci_low,calibration_slope_ci_high,sensitivity_0.20,sensitivity_0.20_ci_low,sensitivity_0.20_ci_high,specificity_0.20,specificity_0.20_ci_low,specificity_0.20_ci_high,ppv_0.20,ppv_0.20_ci_low,ppv_0.20_ci_high,npv_0.20,npv_0.20_ci_low,npv_0.20_ci_high
Preprocedural pain only,1,356,74,0.6558127276212382,0.5689735597483038,0.7358109938844475,0.4475643972713793,0.3352766698625923,0.5831255853555191,0.1326676126610906,0.1085728202197296,0.1579734532324989,-0.0353476087473072,-0.5665314544762121,0.5974213149918732,0.992168433750422,0.6537431218468363,1.4086398157018023,0.4729729729729729,0.3570750452079566,0.5915492957746479,0.9184397163120568,0.886663120567376,0.9492753623188406,0.603448275862069,0.4736602870813396,0.7255347593582885,0.8691275167785235,0.8299837883959044,0.9055451266974068
Four-variable ridge (final model),4,356,74,0.7997412305922945,0.730811144159134,0.8630682913999348,0.5900912653383914,0.476129021719702,0.7150953791928106,0.1202200235372865,0.0984476183422738,0.1448391706595657,0.0056695691817934,-0.4075487205613071,0.4525769018099267,1.0115528515055463,0.7563023144423373,1.3265824570017306,0.7297297297297297,0.625,0.8289473684210527,0.7730496453900709,0.7253501779910231,0.8227005762411347,0.4576271186440678,0.3684210526315789,0.5468783386752136,0.9159663865546218,0.8765432098765432,0.9504141538232448
Four variables + age,5,356,74,0.800076672417098,0.7320312144787694,0.8630657062173439,0.5846480179369397,0.4706632159631038,0.7107171020817543,0.120348455064707,0.098149315640983,0.1447309307858108,0.0088824125189417,-0.406006398777154,0.4452501565188771,1.0127350147613703,0.7553205052725999,1.33081451689901,0.7162162162162162,0.6093705100574712,0.816933418693982,0.7659574468085106,0.7169101175416404,0.8145454545454546,0.4453781512605042,0.359974358974359,0.5342524799244214,0.9113924050632912,0.8719948717948718,0.9449152542372882
Four variables + Child-Pugh grade,5,356,74,0.799405788767491,0.7296638801128691,0.8629685167128938,0.5914197296753747,0.4776937500988791,0.7166664966855724,0.1203179865403416,0.0983042683921673,0.1448968650254055,-0.0009577869474474,-0.4149935643003885,0.4481177179439409,1.004902460907792,0.7437455663872317,1.3267585606074066,0.7162162162162162,0.6071282201405152,0.8153947368421052,0.7801418439716312,0.732637934981685,0.8285763209393346,0.4608695652173913,0.368,0.5520872201492537,0.9128630705394192,0.872949083078633,0.9480012987012988
Six variables (four + age + Child-Pugh grade),6,356,74,0.7995495495495496,0.7311797690739388,0.8621804952488124,0.5841328779140984,0.4704449904916327,0.7096946090426909,0.120556484968925,0.0982378851240628,0.1450446507966803,0.0057216913744334,-0.4070224521647969,0.4447987280048395,1.0098702738349388,0.7522904536526408,1.3287764886642428,0.7162162162162162,0.6093705100574712,0.816933418693982,0.7624113475177305,0.7132244809688582,0.8112001867995018,0.4416666666666666,0.3551326499849261,0.5288481404958678,0.9110169491525424,0.871483027545868,0.9446813413079714
Four variables + hypertension,5,356,74,0.8104753689860072,0.7474478176628538,0.8671535230646418,0.5870761903418463,0.4746497061189546,0.7125146500818598,0.1198114132420128,0.0978821536235157,0.1440900693349976,0.0234669684596369,-0.3862573130016987,0.4772964895643699,1.024473683035345,0.7712554469539269,1.3292112922314396,0.7162162162162162,0.6075949367088608,0.8205128205128205,0.7730496453900709,0.7254200037250885,0.8214318906001061,0.452991452991453,0.3627946753922808,0.5416666666666666,0.9121338912133892,0.8733504181777811,0.9464358899297424
"All 24 candidates, L1 logistic",24,356,74,0.7902050987157371,0.7204179842081208,0.8537585439941481,0.5572536069475913,0.4462136467021324,0.6917558585469834,0.1255583669060488,0.1044746489121467,0.148281057862185,0.032485642800049,-0.4143193878370606,0.5440545223421069,1.2093117040457024,0.877371807515279,1.62478614707473,0.7702702702702703,0.6666666666666666,0.8676470588235294,0.7340425531914894,0.6847816875460575,0.7862136458461161,0.4318181818181818,0.3507382957009823,0.5153846153846153,0.9241071428571428,0.8855899537071604,0.9575521525378686
"All 24 candidates, elastic-net logistic",24,356,74,0.7810044086639831,0.7109326105171127,0.8482529515020132,0.5552761545678282,0.4452019517341328,0.6912548622220307,0.1260315085656271,0.1041019323851574,0.1505924113825365,0.16915677967342,-0.2992031883071423,0.7000636293785266,1.1537699959391945,0.8436139644855104,1.5414726413792974,0.6891891891891891,0.5810468076772424,0.7941277195809829,0.7695035460992907,0.7210144927536232,0.8172483010319657,0.4396551724137931,0.3495031141234658,0.5317588325652841,0.9041666666666668,0.8655320355990498,0.9387777381695036
"All 24 candidates, L2 logistic",24,356,74,0.7690722637531149,0.6992073968629076,0.8334589403252207,0.4874498095867342,0.3908090410030377,0.623105871316242,0.1360789393965664,0.1150184763606581,0.1599228136076319,-0.359946509318366,-0.7398474650627758,0.0395648745931069,0.9240199423625486,0.6591935372360678,1.2600676814432163,0.7567567567567568,0.6567047574626865,0.8552631578947368,0.6595744680851063,0.6035698621553884,0.7147772525959284,0.3684210526315789,0.2930810568741603,0.4480751391465675,0.9117647058823528,0.8699504640734174,0.9494949494949496
"All 24 candidates, random forest",24,356,74,0.7685930611462526,0.6969949959150327,0.8335944390000802,0.4985509736382323,0.3902399713907134,0.6240866162414592,0.1541454109616874,0.1389803761745996,0.1708393477966618,-0.5517905058662942,-0.8792070382726412,-0.2427919415281197,1.480996705748703,1.0298989684021531,2.024977821446732,0.8918918918918919,0.8166447368421053,0.9594594594594594,0.2198581560283688,0.173132801179551,0.271384556327784,0.2307692307692307,0.1824561403508772,0.2805755395683453,0.8857142857142857,0.8064516129032258,0.9565217391304348
"All 24 candidates, gradient boosting",24,356,74,0.7723787617404639,0.7022897508127369,0.8380760143810991,0.5016560961358716,0.3964756468585655,0.6418369594782161,0.1314432001494421,0.1090740275277979,0.1556278062083502,0.1905259897218542,-0.2753660779789809,0.7202225709340475,1.1442942064509398,0.8421485031778395,1.5207332242709313,0.7027027027027027,0.5970149253731343,0.8088235294117647,0.776595744680851,0.7295373665480427,0.826995025951557,0.4521739130434782,0.3627281947261663,0.5470125786163522,0.908713692946058,0.8697433321154548,0.9448827238756172
