term,value,points
Pre_PainScore,0.0,0.0
Pre_PainScore,0.015,0.5
Pre_PainScore,0.03,1.0
Pre_PainScore,0.045,1.5
Pre_PainScore,0.06,2.0
Pre_PainScore,0.075,2.5
Pre_PainScore,0.09,3.0
Pre_PainScore,0.105,3.5
Pre_PainScore,0.12,4.0
Pre_PainScore,0.135,4.5
Pre_PainScore,0.15,5.0
Pre_PainScore,0.1649999999999999,5.499999999999999
Pre_PainScore,0.18,6.0
Pre_PainScore,0.195,6.5
Pre_PainScore,0.21,6.999999999999999
Pre_PainScore,0.2249999999999999,7.5
Pre_PainScore,0.24,8.0
Pre_PainScore,0.255,8.5
Pre_PainScore,0.27,9.0
Pre_PainScore,0.285,9.499999999999998
Pre_PainScore,0.3,10.0
Pre_PainScore,0.315,10.500000000000002
Pre_PainScore,0.3299999999999999,10.999999999999998
Pre_PainScore,0.345,11.5
Pre_PainScore,0.36,12.0
Pre_PainScore,0.375,12.5
Pre_PainScore,0.39,13.0
Pre_PainScore,0.4049999999999999,13.499999999999998
Pre_PainScore,0.42,13.999999999999998
Pre_PainScore,0.435,14.499999999999998
Pre_PainScore,0.4499999999999999,15.0
Pre_PainScore,0.4649999999999999,15.5
Pre_PainScore,0.48,16.0
Pre_PainScore,0.495,16.5
Pre_PainScore,0.51,17.0
Pre_PainScore,0.525,17.5
Pre_PainScore,0.54,18.0
Pre_PainScore,0.5549999999999999,18.5
Pre_PainScore,0.57,19.0
Pre_PainScore,0.585,19.5
Pre_PainScore,0.6,20.0
Pre_PainScore,0.615,20.5
Pre_PainScore,0.63,21.000000000000004
Pre_PainScore,0.645,21.500000000000004
Pre_PainScore,0.6599999999999999,22.0
Pre_PainScore,0.6749999999999999,22.5
Pre_PainScore,0.69,23.0
Pre_PainScore,0.705,23.5
Pre_PainScore,0.72,24.0
Pre_PainScore,0.735,24.5
Pre_PainScore,0.75,25.0
Pre_PainScore,0.765,25.5
Pre_PainScore,0.78,26.0
Pre_PainScore,0.7949999999999999,26.5
Pre_PainScore,0.8099999999999999,27.0
Pre_PainScore,0.825,27.5
Pre_PainScore,0.84,28.0
Pre_PainScore,0.855,28.5
Pre_PainScore,0.87,29.0
Pre_PainScore,0.885,29.5
Pre_PainScore,0.8999999999999999,30.0
Pre_PainScore,0.915,30.5
Pre_PainScore,0.93,31.0
Pre_PainScore,0.945,31.5
Pre_PainScore,0.96,32.0
Pre_PainScore,0.975,32.5
Pre_PainScore,0.99,33.0
Pre_PainScore,1.005,33.5
Pre_PainScore,1.02,34.0
Pre_PainScore,1.035,34.5
Pre_PainScore,1.05,35.0
Pre_PainScore,1.065,35.5
Pre_PainScore,1.08,36.0
Pre_PainScore,1.095,36.5
Pre_PainScore,1.11,36.99999999999999
Pre_PainScore,1.125,37.5
Pre_PainScore,1.14,37.99999999999999
Pre_PainScore,1.155,38.5
Pre_PainScore,1.17,38.99999999999999
Pre_PainScore,1.185,39.5
Pre_PainScore,1.2,40.0
Pre_PainScore,1.215,40.5
Pre_PainScore,1.23,41.0
Pre_PainScore,1.245,41.5
Pre_PainScore,1.26,42.00000000000001
Pre_PainScore,1.275,42.5
Pre_PainScore,1.29,43.00000000000001
Pre_PainScore,1.305,43.5
Pre_PainScore,1.3199999999999998,43.99999999999999
Pre_PainScore,1.335,44.5
Pre_PainScore,1.35,44.99999999999999
Pre_PainScore,1.365,45.49999999999999
Pre_PainScore,1.38,46.0
Pre_PainScore,1.395,46.5
Pre_PainScore,1.41,47.0
Pre_PainScore,1.425,47.5
Pre_PainScore,1.44,48.0
Pre_PainScore,1.4549999999999998,48.49999999999999
Pre_PainScore,1.47,49.0
Pre_PainScore,1.485,49.49999999999999
Pre_PainScore,1.5,50.0
Pre_PainScore,1.515,50.49999999999999
Pre_PainScore,1.53,51.0
Pre_PainScore,1.545,51.49999999999999
Pre_PainScore,1.56,52.0
Pre_PainScore,1.575,52.5
Pre_PainScore,1.59,52.99999999999999
Pre_PainScore,1.605,53.5
Pre_PainScore,1.62,53.99999999999999
Pre_PainScore,1.635,54.50000000000001
Pre_PainScore,1.65,54.99999999999999
Pre_PainScore,1.665,55.50000000000001
Pre_PainScore,1.68,55.99999999999999
Pre_PainScore,1.6949999999999998,56.49999999999999
Pre_PainScore,1.71,56.99999999999999
Pre_PainScore,1.725,57.49999999999999
Pre_PainScore,1.74,57.99999999999999
Pre_PainScore,1.755,58.5
Pre_PainScore,1.77,59.0
Pre_PainScore,1.785,59.5
Pre_PainScore,1.7999999999999998,60.0
Pre_PainScore,1.815,60.5
Pre_PainScore,1.83,61.0
Pre_PainScore,1.845,61.5
Pre_PainScore,1.86,62.0
Pre_PainScore,1.875,62.5
Pre_PainScore,1.89,63.0
Pre_PainScore,1.905,63.5
Pre_PainScore,1.92,64.0
Pre_PainScore,1.935,64.49999999999999
Pre_PainScore,1.95,65.0
Pre_PainScore,1.965,65.49999999999999
Pre_PainScore,1.98,66.0
Pre_PainScore,1.995,66.49999999999999
Pre_PainScore,2.01,67.0
Pre_PainScore,2.025,67.5
Pre_PainScore,2.04,68.0
Pre_PainScore,2.055,68.5
Pre_PainScore,2.07,69.0
Pre_PainScore,2.085,69.5
Pre_PainScore,2.1,70.0
Pre_PainScore,2.115,70.5
Pre_PainScore,2.13,71.0
Pre_PainScore,2.145,71.5
Pre_PainScore,2.16,72.0
Pre_PainScore,2.175,72.5
Pre_PainScore,2.19,73.0
Pre_PainScore,2.205,73.50000000000001
Pre_PainScore,2.22,73.99999999999999
Pre_PainScore,2.235,74.5
Pre_PainScore,2.25,75.0
Pre_PainScore,2.265,75.50000000000001
Pre_PainScore,2.28,75.99999999999999
Pre_PainScore,2.295,76.5
Pre_PainScore,2.31,77.0
Pre_PainScore,2.325,77.49999999999999
Pre_PainScore,2.34,77.99999999999999
Pre_PainScore,2.355,78.5
Pre_PainScore,2.37,79.0
Pre_PainScore,2.385,79.49999999999999
Pre_PainScore,2.4,80.0
Pre_PainScore,2.415,80.5
Pre_PainScore,2.43,81.0
Pre_PainScore,2.445,81.5
Pre_PainScore,2.46,82.0
Pre_PainScore,2.475,82.5
Pre_PainScore,2.49,83.0
Pre_PainScore,2.505,83.5
Pre_PainScore,2.52,84.00000000000001
Pre_PainScore,2.535,84.49999999999999
Pre_PainScore,2.55,85.0
Pre_PainScore,2.565,85.5
Pre_PainScore,2.58,86.00000000000001
Pre_PainScore,2.595,86.49999999999999
Pre_PainScore,2.61,87.0
Pre_PainScore,2.625,87.5
Pre_PainScore,2.64,87.99999999999999
Pre_PainScore,2.655,88.49999999999999
Pre_PainScore,2.67,89.0
Pre_PainScore,2.685,89.5
Pre_PainScore,2.7,89.99999999999999
Pre_PainScore,2.715,90.5
Pre_PainScore,2.73,91.0
Pre_PainScore,2.745,91.5
Pre_PainScore,2.76,92.0
Pre_PainScore,2.775,92.5
Pre_PainScore,2.79,93.0
Pre_PainScore,2.805,93.5
Pre_PainScore,2.82,94.0
Pre_PainScore,2.835,94.5
Pre_PainScore,2.85,95.0
Pre_PainScore,2.865,95.5
Pre_PainScore,2.88,96.0
Pre_PainScore,2.895,96.5
Pre_PainScore,2.91,97.0
Pre_PainScore,2.925,97.5
Pre_PainScore,2.94,98.0
Pre_PainScore,2.955,98.5
Pre_PainScore,2.97,99.0
Pre_PainScore,2.985,99.5
Pre_PainScore,3.0,100.0
D-dimer,14.0,0.0
D-dimer,18.74,0.2017580890133284
D-dimer,23.48,0.4035161780266568
D-dimer,28.22,0.6052742670399851
D-dimer,32.96,0.8070323560533136
D-dimer,37.7,1.008790445066642
D-dimer,42.44,1.21054853407997
D-dimer,47.18,1.4123066230932986
D-dimer,51.92,1.614064712106627
D-dimer,56.66,1.815822801119956
D-dimer,61.400000000000006,2.017580890133284
D-dimer,66.14,2.2193389791466123
D-dimer,70.88,2.4210970681599404
D-dimer,75.62,2.622855157173269
D-dimer,80.36,2.824613246186597
D-dimer,85.10000000000001,3.026371335199926
D-dimer,89.84,3.228129424213254
D-dimer,94.58,3.4298875132265825
D-dimer,99.32,3.631645602239912
D-dimer,104.06,3.833403691253239
D-dimer,108.8,4.035161780266567
D-dimer,113.54,4.236919869279896
D-dimer,118.28,4.4386779582932245
D-dimer,123.02,4.640436047306553
D-dimer,127.76,4.842194136319881
D-dimer,132.5,5.04395222533321
D-dimer,137.24,5.245710314346538
D-dimer,141.98000000000002,5.447468403359867
D-dimer,146.72,5.649226492373193
D-dimer,151.46,5.850984581386523
D-dimer,156.20000000000002,6.052742670399852
D-dimer,160.94,6.25450075941318
D-dimer,165.68,6.456258848426509
D-dimer,170.42000000000002,6.658016937439835
D-dimer,175.16,6.859775026453163
D-dimer,179.9,7.061533115466492
D-dimer,184.64,7.263291204479821
D-dimer,189.38,7.465049293493149
D-dimer,194.12,7.666807382506477
D-dimer,198.86,7.868565471519807
D-dimer,203.6,8.070323560533135
D-dimer,208.34,8.272081649546461
D-dimer,213.08,8.473839738559791
D-dimer,217.82,8.67559782757312
D-dimer,222.56,8.877355916586447
D-dimer,227.3,9.079114005599775
D-dimer,232.04,9.280872094613104
D-dimer,236.78,9.482630183626432
D-dimer,241.52,9.684388272639762
D-dimer,246.26,9.88614636165309
D-dimer,251.0,10.087904450666416
D-dimer,255.74,10.289662539679748
D-dimer,260.48,10.491420628693076
D-dimer,265.22,10.693178717706404
D-dimer,269.96000000000004,10.894936806719732
D-dimer,274.7,11.09669489573306
D-dimer,279.44,11.298452984746389
D-dimer,284.18,11.500211073759717
D-dimer,288.92,11.701969162773048
D-dimer,293.66,11.903727251786371
D-dimer,298.40000000000003,12.105485340799705
D-dimer,303.14,12.30724342981303
D-dimer,307.88,12.50900151882636
D-dimer,312.62,12.71075960783969
D-dimer,317.36,12.912517696853016
D-dimer,322.1,13.114275785866344
D-dimer,326.84000000000003,13.316033874879674
D-dimer,331.58000000000004,13.517791963893004
D-dimer,336.32,13.71955005290633
D-dimer,341.06,13.921308141919656
D-dimer,345.8,14.123066230932988
D-dimer,350.54,14.324824319946316
D-dimer,355.28000000000003,14.526582408959646
D-dimer,360.02000000000004,14.728340497972974
D-dimer,364.76,14.9300985869863
D-dimer,369.5,15.131856675999629
D-dimer,374.24,15.333614765012957
D-dimer,378.98,15.535372854026283
D-dimer,383.72,15.737130943039617
D-dimer,388.46,15.93888903205294
D-dimer,393.2000000000001,16.14064712106627
D-dimer,397.94,16.342405210079598
D-dimer,402.68,16.544163299092926
D-dimer,407.42,16.745921388106254
D-dimer,412.16,16.947679477119586
D-dimer,416.9,17.149437566132914
D-dimer,421.64,17.351195655146242
D-dimer,426.38,17.55295374415957
D-dimer,431.12,17.754711833172898
D-dimer,435.86,17.956469922186226
D-dimer,440.6,18.158228011199554
D-dimer,445.34,18.359986100212883
D-dimer,450.08,18.56174418922621
D-dimer,454.82,18.76350227823954
D-dimer,459.56,18.965260367252867
D-dimer,464.3,19.167018456266195
D-dimer,469.04,19.368776545279523
D-dimer,473.78,19.57053463429285
D-dimer,478.52,19.77229272330618
D-dimer,483.2600000000001,19.97405081231951
D-dimer,488.0,20.17580890133284
D-dimer,492.74,20.377566990346168
D-dimer,497.48,20.579325079359496
D-dimer,502.22,20.781083168372824
D-dimer,506.96,20.982841257386152
D-dimer,511.7000000000001,21.184599346399484
D-dimer,516.44,21.38635743541281
D-dimer,521.1800000000001,21.588115524426136
D-dimer,525.9200000000001,21.789873613439468
D-dimer,530.66,21.99163170245279
D-dimer,535.4,22.19338979146612
D-dimer,540.14,22.39514788047945
D-dimer,544.88,22.596905969492774
D-dimer,549.62,22.798664058506105
D-dimer,554.36,23.000422147519437
D-dimer,559.1,23.20218023653276
D-dimer,563.84,23.403938325546093
D-dimer,568.58,23.60569641455942
D-dimer,573.32,23.80745450357275
D-dimer,578.0600000000001,24.00921259258608
D-dimer,582.8000000000001,24.21097068159941
D-dimer,587.5400000000001,24.412728770612738
D-dimer,592.28,24.614486859626066
D-dimer,597.02,24.816244948639387
D-dimer,601.76,25.01800303765272
D-dimer,606.5,25.219761126666047
D-dimer,611.24,25.42151921567937
D-dimer,615.98,25.623277304692703
D-dimer,620.72,25.82503539370603
D-dimer,625.46,26.026793482719363
D-dimer,630.2,26.228551571732687
D-dimer,634.94,26.43030966074602
D-dimer,639.6800000000001,26.632067749759347
D-dimer,644.4200000000001,26.83382583877268
D-dimer,649.1600000000001,27.035583927786007
D-dimer,653.9,27.23734201679933
D-dimer,658.64,27.439100105812653
D-dimer,663.38,27.640858194825984
D-dimer,668.12,27.842616283839316
D-dimer,672.86,28.044374372852644
D-dimer,677.6,28.246132461865976
D-dimer,682.34,28.4478905508793
D-dimer,687.08,28.649648639892632
D-dimer,691.82,28.85140672890596
D-dimer,696.5600000000001,29.05316481791929
D-dimer,701.3000000000001,29.254922906932617
D-dimer,706.0400000000001,29.456680995945945
D-dimer,710.7800000000001,29.65843908495927
D-dimer,715.52,29.8601971739726
D-dimer,720.26,30.06195526298592
D-dimer,725.0,30.26371335199925
D-dimer,729.74,30.465471441012586
D-dimer,734.48,30.667229530025917
D-dimer,739.22,30.86898761903924
D-dimer,743.96,31.07074570805257
D-dimer,748.7,31.272503797065905
D-dimer,753.44,31.47426188607923
D-dimer,758.1800000000001,31.67601997509256
D-dimer,762.9200000000001,31.877778064105883
D-dimer,767.6600000000001,32.079536153119214
D-dimer,772.4000000000001,32.28129424213254
D-dimer,777.14,32.48305233114587
D-dimer,781.88,32.684810420159195
D-dimer,786.62,32.88656850917253
D-dimer,791.36,33.08832659818585
D-dimer,796.1,33.29008468719918
D-dimer,800.84,33.49184277621251
D-dimer,805.58,33.69360086522584
D-dimer,810.32,33.895358954239164
D-dimer,815.0600000000001,34.097117043252496
D-dimer,819.8000000000001,34.29887513226583
D-dimer,824.5400000000001,34.50063322127915
D-dimer,829.2800000000001,34.702391310292484
D-dimer,834.02,34.90414939930581
D-dimer,838.76,35.10590748831914
D-dimer,843.5,35.307665577332465
D-dimer,848.24,35.5094236663458
D-dimer,852.98,35.71118175535912
D-dimer,857.72,35.91293984437245
D-dimer,862.46,36.11469793338578
D-dimer,867.2,36.31645602239911
D-dimer,871.94,36.51821411141243
D-dimer,876.6800000000001,36.719972200425765
D-dimer,881.4200000000001,36.92173028943909
D-dimer,886.1600000000001,37.12348837845242
D-dimer,890.9000000000001,37.32524646746575
D-dimer,895.64,37.52700455647908
D-dimer,900.38,37.72876264549241
D-dimer,905.12,37.93052073450573
D-dimer,909.86,38.132278823519066
D-dimer,914.6,38.33403691253239
D-dimer,919.34,38.53579500154572
D-dimer,924.08,38.73755309055905
D-dimer,928.82,38.93931117957238
D-dimer,933.56,39.1410692685857
D-dimer,938.3,39.34282735759904
D-dimer,943.04,39.54458544661236
D-dimer,947.78,39.7463435356257
D-dimer,952.52,39.94810162463902
D-dimer,957.26,40.14985971365235
D-dimer,962.0,40.35161780266567
AFP,1.05,0.0
AFP,1.8076125,0.0980837382677448
AFP,2.565225,0.1961674765354897
AFP,3.3228374999999994,0.2942512148032346
AFP,4.08045,0.3923349530709796
AFP,4.8380625,0.4904186913387243
AFP,5.595674999999999,0.5885024296064691
AFP,6.3532875,0.6865861678742141
AFP,7.110899999999999,0.7846699061419591
AFP,7.868512499999999,0.8827536444097037
AFP,8.626125,0.9808373826774488
AFP,9.3837375,1.078921120945194
AFP,10.14135,1.1770048592129383
AFP,10.8989625,1.2750885974806834
AFP,11.656575,1.3731723357484282
AFP,12.4141875,1.471256074016173
AFP,13.1718,1.5693398122839182
AFP,13.9294125,1.6674235505516628
AFP,14.687024999999998,1.7655072888194074
AFP,15.4446375,1.8635910270871523
AFP,16.20225,1.9616747653548967
AFP,16.959862499999996,2.059758503622642
AFP,17.717475,2.1578422418903878
AFP,18.4750875,2.2559259801581315
AFP,19.2327,2.3540097184258766
AFP,19.9903125,2.4520934566936217
AFP,20.747925,2.5501771949613663
AFP,21.5055375,2.6482609332291114
AFP,22.26315,2.7463446714968565
AFP,23.0207625,2.844428409764601
AFP,23.778375,2.942512148032346
AFP,24.5359875,3.040595886300091
AFP,25.2936,3.1386796245678363
AFP,26.0512125,3.236763362835581
AFP,26.808825,3.3348471011033256
AFP,27.5664375,3.4329308393710707
AFP,28.32405,3.531014577638815
AFP,29.0816625,3.62909831590656
AFP,29.839275,3.727182054174305
AFP,30.5968875,3.825265792442049
AFP,31.3545,3.9233495307097934
AFP,32.112112499999995,4.02143326897754
AFP,32.869724999999995,4.1195170072452845
AFP,33.6273375,4.21760074551303
AFP,34.38495,4.315684483780774
AFP,35.14256249999999,4.413768222048518
AFP,35.90017499999999,4.511851960316263
AFP,36.65778749999999,4.609935698584008
AFP,37.41539999999999,4.708019436851753
AFP,38.17301249999999,4.806103175119498
AFP,38.93062499999999,4.904186913387242
AFP,39.68823749999999,5.002270651654988
AFP,40.44584999999999,5.100354389922733
AFP,41.20346249999999,5.198438128190478
AFP,41.961075,5.296521866458223
AFP,42.7186875,5.394605604725967
AFP,43.4763,5.492689342993713
AFP,44.2339125,5.5907730812614576
AFP,44.99152499999999,5.688856819529201
AFP,45.74913749999999,5.786940557796946
AFP,46.50674999999999,5.885024296064692
AFP,47.26436249999999,5.983108034332436
AFP,48.02197499999999,6.081191772600182
AFP,48.77958749999999,6.179275510867926
AFP,49.53719999999999,6.277359249135671
AFP,50.29481249999999,6.375442987403416
AFP,51.05242499999999,6.473526725671162
AFP,51.81003749999999,6.571610463938907
AFP,52.56764999999999,6.669694202206652
AFP,53.3252625,6.767777940474397
AFP,54.082875,6.865861678742141
AFP,54.84048749999999,6.963945417009885
AFP,55.59809999999999,7.06202915527763
AFP,56.35571249999999,7.160112893545375
AFP,57.11332499999999,7.25819663181312
AFP,57.87093749999999,7.356280370080865
AFP,58.62854999999999,7.45436410834861
AFP,59.38616249999999,7.552447846616355
AFP,60.14377499999999,7.6505315848841
AFP,60.90138749999999,7.748615323151845
AFP,61.65899999999999,7.846699061419589
AFP,62.41661249999999,7.944782799687335
AFP,63.17422499999999,8.04286653795508
AFP,63.93183749999999,8.140950276222824
AFP,64.68945,8.23903401449057
AFP,65.44706249999999,8.337117752758315
AFP,66.204675,8.43520149102606
AFP,66.96228749999999,8.533285229293803
AFP,67.7199,8.63136896756155
AFP,68.47751249999999,8.729452705829294
AFP,69.23512499999998,8.827536444097039
AFP,69.99273749999999,8.925620182364783
AFP,70.75034999999998,9.023703920632526
AFP,71.50796249999999,9.121787658900272
AFP,72.26557499999998,9.219871397168015
AFP,73.02318749999999,9.317955135435763
AFP,73.78079999999999,9.416038873703506
AFP,74.53841249999999,9.514122611971253
AFP,75.29602499999999,9.612206350238996
AFP,76.0536375,9.710290088506742
AFP,76.81124999999999,9.808373826774488
AFP,77.5688625,9.906457565042231
AFP,78.32647499999999,10.004541303309978
AFP,79.08408749999998,10.102625041577722
AFP,79.84169999999999,10.200708779845469
AFP,80.59931249999998,10.29879251811321
AFP,81.35692499999999,10.396876256380956
AFP,82.11453749999998,10.4949599946487
AFP,82.87214999999999,10.593043732916446
AFP,83.62976249999998,10.69112747118419
AFP,84.38737499999999,10.789211209451937
AFP,85.14498749999998,10.88729494771968
AFP,85.90259999999999,10.985378685987426
AFP,86.66021249999999,11.083462424255169
AFP,87.417825,11.181546162522917
AFP,88.17543749999999,11.27962990079066
AFP,88.93304999999998,11.377713639058404
AFP,89.69066249999999,11.475797377326147
AFP,90.44827499999998,11.573881115593895
AFP,91.2058875,11.671964853861642
AFP,91.96349999999998,11.770048592129385
AFP,92.7211125,11.86813233039713
AFP,93.47872499999998,11.966216068664874
AFP,94.2363375,12.06429980693262
AFP,94.99394999999998,12.162383545200363
AFP,95.7515625,12.26046728346811
AFP,96.50917499999998,12.358551021735853
AFP,97.2667875,12.4566347600036
AFP,98.0244,12.554718498271344
AFP,98.78201249999998,12.652802236539088
AFP,99.539625,12.750885974806833
AFP,100.29723749999998,12.84896971307458
AFP,101.05485,12.947053451342322
AFP,101.81246249999998,13.045137189610063
AFP,102.570075,13.143220927877811
AFP,103.32768749999998,13.241304666145556
AFP,104.0853,13.339388404413302
AFP,104.84291249999998,13.437472142681044
AFP,105.600525,13.535555880948792
AFP,106.35813749999998,13.633639619216536
AFP,107.11575,13.731723357484285
AFP,107.87336249999998,13.829807095752026
AFP,108.63097499999998,13.92789083401977
AFP,109.3885875,14.025974572287511
AFP,110.14619999999998,14.12405831055526
AFP,110.9038125,14.222142048823002
AFP,111.66142499999998,14.320225787090749
AFP,112.4190375,14.418309525358495
AFP,113.17664999999998,14.51639326362624
AFP,113.9342625,14.614477001893986
AFP,114.69187499999998,14.712560740161727
AFP,115.4494875,14.810644478429474
AFP,116.20709999999998,14.908728216697217
AFP,116.9647125,15.006811954964968
AFP,117.72232499999998,15.10489569323271
AFP,118.47993749999998,15.202979431500454
AFP,119.23754999999998,15.301063169768195
AFP,119.99516249999998,15.399146908035943
AFP,120.752775,15.497230646303686
AFP,121.51038749999998,15.595314384571433
AFP,122.268,15.693398122839175
AFP,123.02561249999998,15.791481861106924
AFP,123.783225,15.889565599374668
AFP,124.54083749999998,15.987649337642411
AFP,125.29845,16.08573307591016
AFP,126.05606249999998,16.183816814177902
AFP,126.813675,16.28190055244565
AFP,127.57128749999998,16.37998429071339
AFP,128.32889999999998,16.478068028981138
AFP,129.0865125,16.576151767248884
AFP,129.844125,16.67423550551663
AFP,130.60173749999998,16.77231924378437
AFP,131.35935,16.87040298205212
AFP,132.1169625,16.968486720319863
AFP,132.874575,17.066570458587606
AFP,133.6321875,17.16465419685535
AFP,134.3898,17.2627379351231
AFP,135.1474125,17.36082167339084
AFP,135.905025,17.458905411658588
AFP,136.6626375,17.55698914992633
AFP,137.42024999999998,17.655072888194077
AFP,138.1778625,17.753156626461823
AFP,138.935475,17.851240364729566
AFP,139.6930875,17.949324102997313
AFP,140.45069999999998,18.04740784126505
AFP,141.2083125,18.14549157953281
AFP,141.965925,18.243575317800545
AFP,142.7235375,18.34165905606829
AFP,143.48115,18.439742794336038
AFP,144.2387625,18.53782653260378
AFP,144.996375,18.635910270871527
AFP,145.7539875,18.73399400913927
AFP,146.5116,18.832077747407013
AFP,147.26921249999998,18.93016148567476
AFP,148.026825,19.028245223942506
AFP,148.7844375,19.12632896221025
AFP,149.54205,19.224412700477995
AFP,150.29966249999998,19.32249643874574
AFP,151.057275,19.420580177013484
AFP,151.8148875,19.51866391528123
AFP,152.5725,19.616747653548973
Albumin,24.1,47.68525493548431
Albumin,24.25625,47.446828660806894
Albumin,24.4125,47.20840238612947
Albumin,24.56875,46.96997611145204
Albumin,24.725,46.73154983677463
Albumin,24.88125,46.4931235620972
Albumin,25.0375,46.25469728741978
Albumin,25.19375,46.01627101274236
Albumin,25.35,45.77784473806494
Albumin,25.50625,45.53941846338752
Albumin,25.6625,45.30099218871009
Albumin,25.81875,45.06256591403268
Albumin,25.975,44.82413963935525
Albumin,26.13125,44.58571336467783
Albumin,26.2875,44.347287090000414
Albumin,26.44375,44.10886081532299
Albumin,26.6,43.87043454064557
Albumin,26.75625,43.63200826596815
Albumin,26.9125,43.39358199129072
Albumin,27.06875,43.1551557166133
Albumin,27.225,42.91672944193588
Albumin,27.38125,42.67830316725846
Albumin,27.5375,42.43987689258104
Albumin,27.69375,42.20145061790362
Albumin,27.85,41.9630243432262
Albumin,28.00625,41.72459806854877
Albumin,28.1625,41.48617179387135
Albumin,28.31875,41.24774551919393
Albumin,28.475,41.00931924451651
Albumin,28.63125,40.77089296983909
Albumin,28.7875,40.53246669516167
Albumin,28.94375,40.29404042048425
Albumin,29.1,40.05561414580682
Albumin,29.25625,39.8171878711294
Albumin,29.4125,39.57876159645198
Albumin,29.56875,39.34033532177456
Albumin,29.725,39.10190904709714
Albumin,29.88125,38.86348277241972
Albumin,30.0375,38.6250564977423
Albumin,30.19375,38.38663022306487
Albumin,30.35,38.14820394838745
Albumin,30.50625,37.90977767371003
Albumin,30.6625,37.67135139903261
Albumin,30.81875,37.43292512435519
Albumin,30.975,37.19449884967777
Albumin,31.13125,36.95607257500035
Albumin,31.2875,36.71764630032292
Albumin,31.44375,36.4792200256455
Albumin,31.6,36.24079375096808
Albumin,31.75625,36.00236747629066
Albumin,31.9125,35.763941201613235
Albumin,32.06875,35.52551492693582
Albumin,32.225,35.2870886522584
Albumin,32.38125,35.048662377580975
Albumin,32.5375,34.81023610290355
Albumin,32.69375,34.57180982822613
Albumin,32.85,34.33338355354871
Albumin,33.00625,34.09495727887129
Albumin,33.1625,33.85653100419387
Albumin,33.31875,33.618104729516446
Albumin,33.475,33.37967845483902
Albumin,33.63125,33.1412521801616
Albumin,33.7875,32.90282590548418
Albumin,33.94375,32.66439963080676
Albumin,34.1,32.42597335612934
Albumin,34.25625,32.18754708145191
Albumin,34.4125,31.94912080677449
Albumin,34.56875,31.71069453209708
Albumin,34.725,31.472268257419643
Albumin,34.88125,31.233841982742227
Albumin,35.0375,30.99541570806481
Albumin,35.19375,30.756989433387385
Albumin,35.35,30.518563158709966
Albumin,35.50625,30.28013688403255
Albumin,35.6625,30.04171060935512
Albumin,35.81875,29.8032843346777
Albumin,35.975,29.564858060000283
Albumin,36.13125,29.326431785322853
Albumin,36.2875,29.08800551064544
Albumin,36.44375,28.84957923596802
Albumin,36.6,28.611152961290596
Albumin,36.75625,28.372726686613177
Albumin,36.9125,28.13430041193576
Albumin,37.06875,27.895874137258325
Albumin,37.225,27.65744786258091
Albumin,37.38125,27.41902158790349
Albumin,37.5375,27.180595313226064
Albumin,37.69375,26.94216903854865
Albumin,37.85,26.70374276387122
Albumin,38.00625,26.465316489193803
Albumin,38.1625,26.22689021451638
Albumin,38.31875,25.98846393983895
Albumin,38.475,25.750037665161532
Albumin,38.63125,25.51161139048412
Albumin,38.7875,25.27318511580669
Albumin,38.94375,25.034758841129275
Albumin,39.10000000000001,24.79633256645184
Albumin,39.25625000000001,24.55790629177441
Albumin,39.41250000000001,24.319480017097
Albumin,39.56875000000001,24.081053742419577
Albumin,39.72500000000001,23.84262746774215
Albumin,39.88125000000001,23.60420119306473
Albumin,40.03750000000001,23.365774918387316
Albumin,40.19375000000001,23.127348643709887
Albumin,40.35000000000001,22.888922369032468
Albumin,40.50625000000001,22.65049609435505
Albumin,40.66250000000001,22.412069819677622
Albumin,40.81875000000001,22.173643545000203
Albumin,40.97500000000001,21.935217270322788
Albumin,41.13125000000001,21.69679099564536
Albumin,41.28750000000001,21.45836472096794
Albumin,41.44375000000001,21.219938446290524
Albumin,41.60000000000001,20.98151217161309
Albumin,41.75625000000001,20.743085896935675
Albumin,41.91250000000001,20.50465962225825
Albumin,42.06875000000001,20.26623334758083
Albumin,42.22500000000001,20.02780707290341
Albumin,42.38125000000001,19.789380798225984
Albumin,42.53750000000001,19.550954523548565
Albumin,42.69375000000001,19.31252824887115
Albumin,42.85000000000001,19.07410197419372
Albumin,43.00625000000001,18.8356756995163
Albumin,43.16250000000001,18.59724942483889
Albumin,43.31875000000001,18.358823150161456
Albumin,43.47500000000001,18.12039687548404
Albumin,43.63125000000001,17.88197060080662
Albumin,43.78750000000001,17.64354432612919
Albumin,43.94375000000001,17.405118051451772
Albumin,44.10000000000001,17.166691776774357
Albumin,44.25625000000001,16.928265502096927
Albumin,44.41250000000001,16.68983922741951
Albumin,44.56875000000001,16.451412952742093
Albumin,44.72500000000001,16.212986678064663
Albumin,44.88125000000001,15.974560403387247
Albumin,45.03750000000001,15.736134128709816
Albumin,45.19375000000001,15.4977078540324
Albumin,45.35000000000001,15.259281579354983
Albumin,45.50625000000001,15.020855304677555
Albumin,45.66250000000001,14.782429030000136
Albumin,45.81875000000001,14.54400275532272
Albumin,45.97500000000001,14.305576480645293
Albumin,46.13125000000001,14.06715020596787
Albumin,46.28750000000001,13.828723931290456
Albumin,46.44375000000001,13.590297656613028
Albumin,46.60000000000001,13.35187138193561
Albumin,46.75625000000001,13.11344510725819
Albumin,46.91250000000001,12.875018832580762
Albumin,47.06875000000001,12.636592557903343
Albumin,47.22500000000001,12.398166283225926
Albumin,47.38125000000001,12.159740008548498
Albumin,47.53750000000001,11.92131373387108
Albumin,47.69375000000001,11.682887459193662
Albumin,47.85000000000001,11.444461184516234
Albumin,48.00625000000001,11.206034909838817
Albumin,48.16250000000001,10.9676086351614
Albumin,48.31875000000001,10.72918236048397
Albumin,48.47500000000001,10.490756085806554
Albumin,48.63125000000001,10.252329811129124
Albumin,48.78750000000001,10.013903536451704
Albumin,48.94375000000001,9.775477261774288
Albumin,49.10000000000001,9.53705098709686
Albumin,49.25625000000001,9.298624712419445
Albumin,49.41250000000001,9.060198437742024
Albumin,49.56875000000001,8.821772163064596
Albumin,49.72500000000001,8.583345888387178
Albumin,49.88125000000001,8.344919613709761
Albumin,50.03750000000001,8.106493339032331
Albumin,50.19375000000001,7.868067064354914
Albumin,50.35000000000001,7.629640789677497
Albumin,50.50625000000001,7.391214515000068
Albumin,50.66250000000001,7.152788240322651
Albumin,50.81875000000001,6.914361965645233
Albumin,50.97500000000001,6.675935690967805
Albumin,51.13125000000001,6.4375094162903865
Albumin,51.28750000000001,6.199083141612969
Albumin,51.44375000000001,5.96065686693554
Albumin,51.60000000000001,5.722230592258123
Albumin,51.75625000000001,5.483804317580705
Albumin,51.91250000000001,5.245378042903277
Albumin,52.06875000000001,5.006951768225859
Albumin,52.22500000000001,4.76852549354843
Albumin,52.38125000000001,4.530099218871012
Albumin,52.53750000000001,4.291672944193595
Albumin,52.69375000000001,4.053246669516166
Albumin,52.85000000000001,3.814820394838749
Albumin,53.00625000000001,3.576394120161331
Albumin,53.16250000000001,3.3379678454839024
Albumin,53.31875000000001,3.0995415708064846
Albumin,53.47500000000001,2.861115296129068
Albumin,53.63125000000001,2.6226890214516385
Albumin,53.78750000000001,2.384262746774221
Albumin,53.94375000000001,2.145836472096803
Albumin,54.10000000000001,1.9074101974193745
Albumin,54.25625000000001,1.6689839227419567
Albumin,54.41250000000001,1.4305576480645394
Albumin,54.56875000000001,1.1921313733871104
Albumin,54.72500000000001,0.9537050987096928
Albumin,54.88125000000001,0.7152788240322754
Albumin,55.03750000000001,0.4768525493548464
Albumin,55.19375000000001,0.2384262746774289
Albumin,55.35000000000001,0.0
